codigo;nome;tipo;grupo;ativa;codigo_legado
1;VENDAS DIVERSAS;receita;RECEITA GERAL;sim;1
2;COMPRA PRODUTOS PRA REVENDA;despesa;CUSTO GERAL;sim;2
3;AGUA;despesa;CUSTO GERAL;sim;3
4;TELEFONE;despesa;CUSTO GERAL;sim;4
5;ALUGUEL;despesa;CUSTO GERAL;sim;5
6;MANUTENÇÃO DO VEÍCULO;despesa;DESPESAS COM VEICULO;sim;6
7;BORRACHARIA;despesa;DESPESAS COM VEICULO;sim;7
8;COMBUSTÍVEL E LUBRIFICANTE;despesa;DESPESAS COM VEICULO;sim;8
9;DARF I R P J;despesa;CUSTO GERAL;sim;9
10;CPMF;despesa;CUSTO FINANCEIRO;sim;10
11;TAXAS E EMOLUMENTOS;despesa;CUSTO FINANCEIRO;sim;11
12;TARIFAS BANCÁRIAS;despesa;CUSTO FINANCEIRO;sim;12
13;MANUTENÇÃO PATRIMONIAL;despesa;CUSTO GERAL;sim;13
14;COMPRA DE MATERIAL;despesa;COMPRAS;sim;14
15;LANCHES E REFEIÇÕES;despesa;CUSTO GERAL;sim;15
16;COMPRA DE PNEUS;despesa;CUSTO GERAL;sim;16
17;ALUGUEL SALA COMERCIAL;despesa;CUSTO GERAL;sim;17
18;MANUTENÇÃO PREDIAL;despesa;CUSTO GERAL;sim;18
19;LUZ;despesa;CUSTO GERAL;sim;19
20;PAGAMENTO FUNCIONARIOS;despesa;CUSTO GERAL;sim;20
21;INTERNET;despesa;CUSTO GERAL;sim;21
22;FRETE;despesa;CUSTO GERAL;sim;22
23;ATESTADO ADMISSIONAL;despesa;CUSTO FINANCEIRO;sim;23
24;ODETE   - PESSOAL;despesa;COMPRAS;sim;24
25;PEDRO  - PESSOAL;despesa;COMPRAS;sim;25
26;ENERGIA;despesa;CUSTO GERAL;sim;26
27;IMPOSTO SIMPLES;despesa;DESPESAS;sim;27
28;FGTS;despesa;CUSTO GERAL;sim;28
29;ACIL;despesa;DESPESAS COM VEICULO;sim;29
30;GPS;despesa;DESPESAS;sim;30
31;DEPOSITO;receita;RECEITA GERAL;sim;31
32;HONORARIO CONTADOR;despesa;DESPESAS;sim;32
33;CORREIOS;despesa;DESPESAS;sim;33
34;P/M/UNAI;despesa;DESPESAS;sim;34
35;PROPAGANDA;despesa;DESPESAS;sim;35
36;SERILON;receita;RECEITA GERAL;sim;36
37;DARF C S L L;despesa;CUSTO FINANCEIRO;sim;37
38;DARF PIS;despesa;CUSTO FINANCEIRO;sim;38
39;DARF CONFINS;despesa;CUSTO FINANCEIRO;sim;39
40;ISSQN   P/M/UNAI;despesa;DESPESAS;sim;40
41;DARF;despesa;DESPESAS;sim;41
42;DEPESAS SERRALHEIRO;despesa;DESPESAS;sim;42
43;DESPESAS COM MÃO DE OBRA;despesa;DESPESAS;sim;43
44;BB GIRO PRONAMPE;despesa;DESPESAS;sim;44
45;DESPESAS COM BONIFICAÇÃO FUNCIONÁRIOS;despesa;DESPESAS;sim;45
46;PRO -LABORE ODETE;despesa;DESPESAS;sim;46
47;PRO- LABORE PEDRO;despesa;DESPESAS;sim;47
48;DESPESAS COM ALTERAÇÃO CONTRATUAL;despesa;DESPESAS;sim;48
49;MARKETING DIGITAL 1788111685040;despesa;DESPESAS;nao;
50;MARKETING DIGITAL 1788112496777;despesa;DESPESAS;nao;
51;MARKETING DIGITAL 1788114062833;despesa;DESPESAS;nao;
52;MARKETING DIGITAL 1788114712939;despesa;DESPESAS;nao;